DEF_HARPNUM,NOAA_ARS,NRT_HARPNUM
1,11067,
2,11064,
6,11065,
8,11069,
10,11066,
11,11063,
12,11068,
14,11070,
17,11071,
26,11072,
38,11073,
40,11075,
41,11074,
43,11076,
45,11077,
46,11078,
49,11079,
51,11080,
54,11081,
57,11082,
58,11083,
67,11085,
71,11084,
83,11086,
86,11087,
89,11088,
92,11089,
98,11090,
104,11092,
107,11094,
114,11095,
115,"11093,11099",
116,11096,
128,11097,
131,11098,
135,11100,
145,11101,
146,11102,
147,11104,
155,11103,
156,11105,
175,11106,
182,11107,
185,11108,
187,11109,
190,11110,
198,11111,
211,11112,
218,11113,
219,11114,
220,11115,
221,11116,
223,11118,
224,11119,
226,11117,
241,11120,
245,"11121,11123",
248,11122,
252,"11124,11125",
256,11126,
259,11127,
270,11128,
273,11129,
274,11130,
279,11131,
284,"11133,11134",
285,11132,
297,11135,
316,11136,
317,11137,
318,11138,
321,11139,
323,11140,
325,11141,
327,11142,
335,11143,
338,11145,
340,11144,
342,11146,
345,"11147,11149",
347,11148,
354,11151,
355,11150,
361,11152,
362,11153,
364,11157,
366,11155,
367,11156,
368,11154,
371,11159,
377,11158,
384,"11160,11161,11162",
392,11163,
393,11164,
394,11165,
401,11166,
403,11167,
405,11168,
407,11169,
414,11170,
415,11171,
421,"11172,11175",
429,11173,
431,11174,
436,11179,
437,"11176,11178",
438,11177,
443,11181,
444,11180,
451,11183,
455,11182,
466,11184,
480,"11185,11186,11189",
488,11188,
494,11187,
495,"11190,11192",
504,"11191,11193",
507,11194,
514,"11195,11196,11197",
527,11198,
532,11201,
536,11202,
538,11200,
540,11199,
556,"11203,11204,11205",
572,11206,
576,11207,
580,11210,
587,11208,
589,11209,
590,11211,
595,11212,
597,11213,
602,"11214,11217",
603,11215,
605,11216,
610,11218,
618,11220,
619,11221,
622,"11219,11224",
625,11223,
631,11222,
632,11225,
637,"11226,11227,11233",
639,"11228,11230",
640,11222,
643,11229,
650,11232,
651,11231,
661,11234,
662,11235,
667,11236,
674,"11237,11240",
676,11239,
677,11238,
681,11241,
684,11244,
685,11243,
686,11242,
693,11246,
695,11247,
700,11245,
702,11249,
705,"11248,11253,11257",
712,11250,
713,11258,
714,"11251,11252,11255",
725,11254,
728,11256,
740,11259,
744,11262,
746,11260,
748,11265,
750,11261,
751,11264,
753,11263,
755,11264,
759,11266,
764,11267,
765,11268,
772,11269,
781,11270,
794,"11271,11278",
798,11272,
799,11273,
803,"11274,11276",
805,11275,
812,11280,
814,"11277,11279,11282,11286",
817,11285,
819,11284,
824,11281,
833,11283,
843,11287,
846,11288,
847,"11289,11293",
850,11290,
851,11291,
853,11292,
854,11294,
856,"11295,11296,11298",
867,11299,
869,11297,
875,11300,
877,11293,
878,11301,
892,11302,
899,11303,
900,11304,
902,11305,
903,11306,
909,11307,
913,11308,
918,11309,
924,11310,
926,11311,
927,"11312,11315",
932,"11313,11320",
940,"11314,11319",
948,"11317,11329",
950,11316,
956,11318,
970,"11323,11328",
971,11322,
975,11321,
976,"11324,11325",
982,11327,
990,11326,
997,"11330,11333",
1001,11331,
1005,11332,
1016,11335,
1019,"11336,11337",
1021,"11334,11335",
1026,"11338,11344,11345",
1028,"11339,11348",
1038,11340,
1041,"11341,11342",
1046,11343,
1064,11349,
1066,"11346,11351",
1075,11347,
1079,11350,
1080,11357,
1089,11352,
1090,11359,
1092,11354,
1093,"11353,11355,11356,11360",
1113,11358,
1119,11361,
1120,11362,
1124,11363,
1126,"11364,11365,11366,11369,11371,11372",
1149,11367,
1164,11368,
1165,11370,
1168,11374,
1170,11373,
1171,11375,
1183,"11376,11377",
1186,"11378,11379",
1209,"11380,11387",
1210,"11381,11382",
1221,"11383,11384",
1232,11385,
1237,11386,
1249,11390,
1256,"11388,11389",
1271,11392,
1275,11393,
1278,"11391,11394",
1295,11394,
1300,11395,
1303,11398,
1309,11396,
1312,11397,
1313,11403,
1318,11399,
1319,11400,
1321,"11401,11402,11405,11407",
1327,11404,
1330,11406,
1338,11408,
1339,11412,
1340,11409,
1348,11411,
1350,"11410,11413",
1367,11415,
1381,11414,
1389,11416,
1390,11418,
1391,11417,
1396,11419,
1399,11420,
1405,11422,
1410,11421,
1422,11423,
1424,11425,
1425,"11424,11427",
1426,11426,
1447,11428,
1449,"11429,11430",
1455,11431,
1461,11432,
1464,11434,
1465,11433,
1471,11435,
1478,11436,
1480,11437,
1483,11439,
1484,11440,
1488,11438,
1492,"11442,11443,11444",
1493,11441,
1495,11447,
1497,11446,
1500,11445,
1514,"11448,11453",
1520,11449,
1527,"11451,11452",
1528,11450,
1535,11442,
1549,11455,
1557,11454,
1558,11463,
1564,11456,
1569,11457,
1572,11458,
1573,11462,
1574,11459,
1578,11460,
1582,11461,
1593,11457,
1594,11464,
1596,11465,
1603,"11466,11468",
1611,"11469,11473",
1613,11467,
1621,"11470,11471",
1628,11472,
1632,11474,
1633,11468,
1634,11475,
1638,11476,
1644,"11477,11478",
1651,11480,
1653,"11479,11482",
1657,11481,
1658,11483,
1662,11484,
1669,11485,
1677,"11486,11491",
1680,11487,
1688,11488,
1690,11489,
1701,11490,
1705,11492,
1715,11495,
1722,"11493,11496,11498,11499,11501",
1724,11494,
1727,11497,
1735,11502,
1737,"11500,11503",
1744,"11507,11508,11509",
1750,"11504,11505",
1756,11506,
1783,11510,
1789,11511,
1795,11512,
1806,"11513,11516,11517",
1807,"11514,11515",
1832,11518,
1834,"11519,11520,11521",
1845,11522,
1863,11523,
1866,"11524,11525",
1873,11526,
1877,"11527,11528",
1879,"11529,11530,11532,11533,11536",
1886,11531,
1892,11533,
1893,11534,
1903,11535,
1907,"11538,11539,11540,11541,11544",
1908,11537,
1930,11542,
1931,11543,
1939,11545,
1942,11546,
1943,11547,
1946,11548,
1948,11549,
1949,11550,
1951,11552,
1952,11551,
1959,11553,
1962,11554,
1970,11555,
1978,11556,
1979,"11558,11559",
1990,11562,
1993,11560,
1996,11563,
1997,11561,
1999,"11563,11564",
2007,11565,
2011,11566,476
2017,11568,
2021,11567,487
2026,11569,493
2028,11571,495
2029,11570,
2036,11572,502
2037,11573,503
2039,11574,505
2040,"11575,11577,11583",547
2040,"11575,11577,11583",524
2040,"11575,11577,11583",521
2040,"11575,11577,11583",520
2040,"11575,11577,11583",509
2044,11576,512
2047,"11578,11581",515
2059,11579,542
2059,11579,528
2059,11579,539
2059,11579,527
2059,11579,536
2061,11580,529
2069,"11582,11584",561
2069,"11582,11584",555
2069,"11582,11584",550
2069,"11582,11584",537
2098,11585,565
2106,11588,573
2107,11586,574
2109,11589,576
2110,11587,577
2112,11590,579
2113,11595,580
2114,11592,584
2117,11593,591
2121,11591,581
2123,11594,587
2130,11596,606
2131,11597,607
2137,11598,613
2143,11599,622
2144,11600,621
2155,11594,
2158,11601,636
2166,11602,
2169,11603,
2171,11605,650
2173,11604,652
2176,11606,655
2177,11608,656
2178,11607,
2181,"11609,11610",661
2181,"11609,11610",660
2181,"11609,11610",671
2186,"11611,11612",684
2186,"11611,11612",666
2186,"11611,11612",663
2191,"11613,11617",668
2191,"11613,11617",689
2191,"11613,11617",677
2191,"11613,11617",675
2193,"11614,11615",672
2193,"11614,11615",682
2193,"11614,11615",670
2203,"11616,11619",679
2203,"11616,11619",695
2203,"11616,11619",693
2220,11618,700
2220,11618,696
2220,11618,701
2227,11620,705
2239,11622,724
2239,11622,717
2240,11621,723
2240,11621,720
2245,"11623,11625",725
2249,11624,729
2259,11626,738
2260,11627,740
2262,"11628,11629",742
2262,"11628,11629",751
2270,11630,750
2291,"11631,11632",777
2291,"11631,11632",772
2306,"11633,11634",787
2314,11635,796
2322,"11636,11637",804
2322,"11636,11637",808
2329,11639,812
2329,11639,814
2329,11639,811
2331,11638,813
2337,11640,819
2338,11641,820
2341,11642,823
2342,11643,824
2342,11643,839
2344,"11644,11646",828
2344,"11644,11646",827
2344,"11644,11646",847
2344,"11644,11646",826
2348,11651,844
2348,11651,829
2351,11647,832
2352,11648,833
2353,11645,834
2358,11649,838
2360,"11650,11655",855
2360,"11650,11655",840
2362,11652,843
2366,11653,846
2371,11657,853
2372,11654,851
2380,11656,859
2387,11658,867
2400,11660,885
2400,11660,879
2400,11660,883
2401,11659,880
2411,11661,892
2411,11661,923
2411,11661,900
2414,11662,895
2420,11663,905
2425,11664,912
2432,11666,916
2433,11665,917
2436,11668,921
2439,11667,926
2439,11667,934
2450,11669,937
2460,11670,946
2469,"11671,11674,11678",955
2469,"11671,11674,11678",968
2469,"11671,11674,11678",963
2471,11672,957
2489,11673,975
2491,11675,977
2492,"11676,11679",978
2492,"11676,11679",981
2492,"11676,11679",980
2493,11677,979
2501,11682,987
2502,"11681,11684",994
2502,"11681,11684",988
2504,11680,990
2511,"11683,11685,11688",997
2511,"11683,11685,11688",1000
2511,"11683,11685,11688",1001
2519,11686,1004
2520,11687,1006
2520,11687,1007
2520,11687,1013
2522,11689,1008
2525,11693,1011
2533,11690,1019
2541,11691,
2543,11698,
2546,"11692,11701,11694",1031
2557,11695,1042
2560,11696,
2569,11697,
2571,11700,1055
2573,11699,
2581,11702,1065
2583,11703,1067
2585,11705,1071
2585,11705,1075
2585,11705,1068
2587,11704,1070
2594,11709,1077
2595,11706,1078
2597,"11713,11708",1094
2597,"11713,11708",1103
2597,"11713,11708",1080
2598,11707,1081
2599,11710,1082
2599,11710,1083
2605,11711,1088
2610,11712,1093
2619,"11714,11720",1115
2619,"11714,11720",1102
2625,11716,1108
2626,11715,1109
2634,11717,1116
2635,11719,1117
2635,11719,1119
2635,11719,1132
2635,11719,1127
2636,11718,1118
2651,"11721,11722",1133
2661,11724,1143
2663,11723,1146
2663,11723,1145
2669,11725,1151
2672,11727,1154
2673,11726,1163
2673,11726,1155
2677,"11733,11735",1179
2677,"11733,11735",1160
2683,11729,1166
2685,11728,1167
2691,11730,1173
2693,11731,1177
2693,11731,1175
2696,"11732,11734",1183
2696,"11732,11734",1178
2696,"11732,11734",1195
2710,11736,1191
2711,11737,1193
2711,11737,1196
2716,"11738,11739",1199
2716,"11738,11739",1209
2716,"11738,11739",1203
2718,11740,1201
2727,11741,1210
2727,11741,1214
2732,11736,1216
2733,"11742,11743",1217
2733,"11742,11743",1218
2735,11744,1220
2735,11744,1219
2737,"11746,11747,11751",1228
2737,"11746,11747,11751",1236
2737,"11746,11747,11751",1229
2737,"11746,11747,11751",1221
2739,11745,1223
2739,11745,1239
2748,11748,1232
2748,11748,1237
2749,11749,1233
2750,11750,1234
2754,11752,1238
2758,"11754,11756",1247
2758,"11754,11756",1255
2758,"11754,11756",1251
2758,"11754,11756",1257
2758,"11754,11756",1243
2758,"11754,11756",1248
2758,"11754,11756",1254
2760,"11753,11755",1249
2760,"11753,11755",1245
2760,"11753,11755",1252
2760,"11753,11755",1276
2779,11757,1264
2790,"11758,11759,11762,11763",1295
2790,"11758,11759,11762,11763",1282
2790,"11758,11759,11762,11763",1277
2790,"11758,11759,11762,11763",1275
2790,"11758,11759,11762,11763",1292
2808,11761,1293
2809,11760,1303
2809,11760,1294
2812,11766,1297
2822,11764,1308
2825,11765,1311
2832,11768,1318
2832,11768,1336
2832,11768,1321
2839,11767,1325
2852,"11769,11770,11771,11772,11774,11775",1340
2852,"11769,11770,11771,11772,11774,11775",1350
2852,"11769,11770,11771,11772,11774,11775",1346
2852,"11769,11770,11771,11772,11774,11775",1357
2852,"11769,11770,11771,11772,11774,11775",1343
2852,"11769,11770,11771,11772,11774,11775",1345
2852,"11769,11770,11771,11772,11774,11775",1339
2852,"11769,11770,11771,11772,11774,11775",1338
2861,11773,1347
2875,11776,1360
2878,11777,1382
2878,11777,1363
2878,11777,1371
2887,11778,1372
2898,11779,1384
2904,11780,1391
2910,11782,1397
2912,11781,1399
2920,"11785,11787,11788",1413
2920,"11785,11787,11788",1407
2922,11784,1409
2923,11786,1410
2942,11789,1427
2944,11790,1429
2945,11794,1430
2952,11791,1463
2952,11791,1439
2954,11792,1452
2954,11792,1441
2964,11795,1451
2966,"11797,11804",1454
2966,"11797,11804",1459
2966,"11797,11804",1461
2966,"11797,11804",1465
2966,"11797,11804",1476
2966,"11797,11804",1453
2968,11793,1455
2976,11796,1464
2981,"11799,11800,11803,11805",1469
2981,"11799,11800,11803,11805",1496
2981,"11799,11800,11803,11805",1475
2982,11798,1470
2984,11799,1472
2984,11799,1479
2999,11801,1487
3001,11802,1489
3011,11812,1504
3011,11812,1499
3012,11806,1500
3019,11807,1507
3022,11808,1511
3028,11809,1524
3028,11809,1533
3028,11809,1528
3028,11809,1545
3028,11809,1517
3028,11809,1522
3031,11810,1520
3032,"11811,11815",1521
3048,"11814,11816,11817,11819",1538
3048,"11814,11816,11817,11819",1548
3048,"11814,11816,11817,11819",1550
3048,"11814,11816,11817,11819",1540
3049,11813,1539
3056,11818,1546
3066,"11820,11822,11830",1573
3066,"11820,11822,11830",1559
3066,"11820,11822,11830",1576
3066,"11820,11822,11830",1556
3066,"11820,11822,11830",1580
3066,"11820,11822,11830",1570
3068,11825,1582
3068,11825,1578
3068,11825,1558
3079,11821,1569
3082,11823,1572
3082,11823,1588
3097,11824,1586
3098,11827,1605
3098,11827,1587
3102,11826,
3103,11828,1592
3108,11826,1597
3113,11829,1601
3114,11832,1602
3115,11831,1603
3116,11833,1604
3119,11834,1607
3122,11835,1627
3122,11835,1611
3129,11836,1635
3129,11836,1620
3129,11836,1633
3129,11836,1629
3149,11837,1640
3149,11837,1639
3154,"11838,11840",1646
3154,"11838,11840",1644
3171,11839,1661
3176,11841,1666
3179,11842,1672
3188,11853,1678
3190,11844,1680
3192,11847,1682
3194,"11845,11846,11848",1684
3194,"11845,11846,11848",1692
3195,11843,1685
3199,11850,1698
3199,11850,1689
3199,11850,1694
3199,11850,1730
3199,11850,1708
3199,11850,1701
3199,11850,1717
3205,"11849,11853",1695
3212,11852,1702
3217,11851,1709
3217,11851,1707
3217,11851,1711
3220,11858,1710
3240,11854,1732
3244,11855,1737
3246,11866,1740
3247,11857,1739
3248,11856,1738
3250,11859,1741
3252,11862,1743
3258,11861,1752
3258,11861,1749
3259,11863,1750
3260,11860,1751
3263,"11864,11865,11870",1773
3263,"11864,11865,11870",1755
3263,"11864,11865,11870",1756
3267,11867,1759
3273,"11868,11869,11871",1767
3273,"11868,11869,11871",1766
3286,11872,1778
3287,11876,1779
3288,"11873,11880",1780
3288,"11873,11880",1786
3291,11875,1794
3291,11875,1783
3291,11875,1791
3291,11875,1796
3293,11874,1785
3295,"11877,11879",1804
3295,"11877,11879",1787
3298,11878,1790
3309,11881,1803
3311,11882,1805
3312,11869,1806
3320,11883,1814
3321,"11884,11885",1823
3321,"11884,11885",1815
3321,"11884,11885",1821
3323,11888,
3326,11886,1820
3330,11887,1824
3336,11889,1839
3336,11889,1834
3336,11889,1829
3341,11890,1835
3344,11891,1838
3353,11892,1848
3362,11894,1857
3364,"11893,11900",1859
3366,"11895,11897",1861
3366,"11895,11897",1873
3367,11898,1862
3368,11896,1863
3368,11896,1877
3368,11896,1869
3371,11901,1870
3371,11901,1866
3376,"11899,11904",1879
3376,"11899,11904",1871
3386,11902,
3400,11903,1895
3415,"11906,11907,11913",1926
3415,"11906,11907,11913",1924
3415,"11906,11907,11913",1917
3415,"11906,11907,11913",1909
3415,"11906,11907,11913",1918
3420,11905,
3432,11908,1923
3437,11909,1929
3441,11910,1933
3443,11914,1935
3446,11911,1938
3448,11916,1961
3448,11916,1940
3457,11912,1949
3461,11915,1953
3473,"11917,11918",1965
3473,"11917,11918",1969
3473,"11917,11918",1981
3473,"11917,11918",1984
3474,11927,1970
3474,11927,1966
3481,11923,1980
3481,11923,1978
3481,11923,1973
3482,11919,1976
3483,"11920,11921,11926",1974
3483,"11920,11921,11926",1989
3483,"11920,11921,11926",2002
3490,11922,1983
3492,11924,1985
3497,"11925,11928,11933",1990
3497,"11925,11928,11933",1993
3497,"11925,11928,11933",1999
3513,11929,2005
3515,11930,2007
3520,"11931,11934",2016
3520,"11931,11934",2018
3520,"11931,11934",2012
3522,11932,2014
3532,11935,
3535,"11936,11940,11941",2027
3542,"11937,11938",2025
3542,"11937,11938",2034
3542,"11937,11938",2026
3551,11939,
3560,11942,2023
3563,"11943,11944",2049
3563,"11943,11944",2061
3563,"11943,11944",2050
3563,"11943,11944",2039
3563,"11943,11944",2048
3563,"11943,11944",2028
3563,"11943,11944",2032
3569,11945,2035
3580,11946,2047
3586,11948,2053
3587,11947,2054
3601,11949,2068
3601,11949,2084
3601,11949,2095
3604,11950,2071
3604,11950,2082
3608,11953,2076
3608,11953,2077
3610,11954,2078
3610,11954,2091
3612,11951,2080
3620,11952,2088
3631,"11955,11956",2105
3631,"11955,11956",2111
3631,"11955,11956",2124
3631,"11955,11956",2118
3631,"11955,11956",2099
3631,"11955,11956",2108
3631,"11955,11956",2104
3635,11961,2103
3647,"11958,11959,11960,11963,11964",2114
3647,"11958,11959,11960,11963,11964",2117
3647,"11958,11959,11960,11963,11964",2129
3647,"11958,11959,11960,11963,11964",2121
3648,11957,2115
3658,11962,2126
3668,"11965,11966",2148
3668,"11965,11966",2141
3668,"11965,11966",2136
3686,"11967,11972",2155
3686,"11967,11972",2177
3686,"11967,11972",2167
3686,"11967,11972",2165
3688,11968,2158
3688,11968,2157
3700,11969,2169
3703,"11970,11975",2172
3703,"11970,11975",2194
3711,11971,2180
3719,11973,2188
3721,11974,2190
3730,"11976,11980",2199
3740,11977,2216
3740,11977,2208
3740,11977,2214
3741,11978,2209
3744,11979,2213
3765,11985,2235
3766,"11981,11982,11983,11984",2236
3766,"11981,11982,11983,11984",2244
3766,"11981,11982,11983,11984",2237
3766,"11981,11982,11983,11984",2239
3779,11986,2256
3779,11986,2249
3784,"11987,11989,11993,11994,12001",2254
3784,"11987,11989,11993,11994,12001",2261
3784,"11987,11989,11993,11994,12001",2271
3784,"11987,11989,11993,11994,12001",2257
3784,"11987,11989,11993,11994,12001",2269
3784,"11987,11989,11993,11994,12001",2262
3784,"11987,11989,11993,11994,12001",2272
3784,"11987,11989,11993,11994,12001",2274
3785,11988,2255
3785,11988,2280
3793,"11990,11995",2265
3793,"11990,11995",2263
3793,"11990,11995",2270
3804,11991,2273
3806,11992,2276
3813,11996,2283
3821,11999,2290
3823,11997,
3824,11998,2294
3826,12000,2296
3836,12002,2306
3843,12004,2314
3845,"12003,12006",2316
3848,"12005,12007",2321
3848,"12005,12007",2319
3853,12009,2324
3856,"12008,12010,12012,12015,12019,12023",2335
3856,"12008,12010,12012,12015,12019,12023",2330
3856,"12008,12010,12012,12015,12019,12023",2351
3856,"12008,12010,12012,12015,12019,12023",2332
3856,"12008,12010,12012,12015,12019,12023",2339
3856,"12008,12010,12012,12015,12019,12023",2337
3856,"12008,12010,12012,12015,12019,12023",2327
3856,"12008,12010,12012,12015,12019,12023",2342
3874,12013,2344
3874,12013,2362
3875,12016,2345
3877,12011,2347
3879,12014,2349
3894,"12017,12018",2376
3894,"12017,12018",2363
3901,"12020,12025",2379
3901,"12020,12025",2381
3901,"12020,12025",2371
3901,"12020,12025",2375
3901,"12020,12025",2380
3901,"12020,12025",2383
3901,"12020,12025",2372
3907,12024,2377
3912,12021,2382
3926,12022,2407
3926,12022,2396
3941,"12027,12030,12031",2421
3941,"12027,12030,12031",2430
3941,"12027,12030,12031",2434
3941,"12027,12030,12031",2411
3942,"12026,12028",2412
3957,12029,2429
3985,"12032,12033",2474
3985,"12032,12033",2470
3985,"12032,12033",2479
3985,"12032,12033",2456
3996,12034,2467
3999,"12036,12037,12043",2469
3999,"12036,12037,12043",2476
3999,"12036,12037,12043",2475
4000,"12035,12038,12043,12046",2500
4000,"12035,12038,12043,12046",2472
4000,"12035,12038,12043,12046",2491
4011,12040,2483
4022,12039,2494
4023,12041,2495
4025,12042,2497
4040,12044,2531
4040,12044,2512
4042,12045,2515
4042,12045,2519
4065,12048,2540
4071,"12047,12051",2547
4071,"12047,12051",2546
4071,"12047,12051",2554
4073,12049,2548
4075,12050,2550
4088,12052,2563
4088,12052,2566
4088,12052,2579
4092,12053,2567
4093,12054,2589
4093,12054,2568
4093,12054,2581
4097,"12055,12056,12057,12059",2582
4097,"12055,12056,12057,12059",2573
4097,"12055,12056,12057,12059",2572
4097,"12055,12056,12057,12059",2578
4108,"12054,12062",2583
4111,"12058,12060,12067,12070",2586
4111,"12058,12060,12067,12070",2612
4123,12061,2598
4131,12066,2606
4133,12063,2608
4135,12064,2610
4138,"12065,12068,12072,12074",2614
4138,"12065,12068,12072,12074",2613
4138,"12065,12068,12072,12074",2619
4152,12069,2626
4156,"12071,12073,12076",2632
4156,"12071,12073,12076",2640
4156,"12071,12073,12076",2630
4166,12075,2641
4179,12083,2654
4186,12077,2661
4189,12078,2664
4190,"12079,12081",2665
4190,"12079,12081",2673
4190,"12079,12081",2682
4190,"12079,12081",2676
4197,"12080,12085,12088",2694
4197,"12080,12085,12088",2692
4197,"12080,12085,12088",2681
4197,"12080,12085,12088",2686
4197,"12080,12085,12088",2695
4197,"12080,12085,12088",2688
4197,"12080,12085,12088",2672
4201,12084,2677
4205,12082,2680
4205,12082,2684
4205,12082,2685
4205,12082,2687
4223,12086,2697
4224,12091,2711
4224,12091,2698
4225,"12087,12092",2699
4225,"12087,12092",2725
4225,"12087,12092",2707
4228,12090,2702
4231,12089,2705
4252,12093,2728
4252,12093,2727
4256,12094,2731
4265,12095,2736
4272,"12096,12097",2743
4284,"12098,12101",2754
4288,12100,2757
4290,12099,2759
4294,"12102,12106,12115",2772
4294,"12102,12106,12115",2777
4294,"12102,12106,12115",2763
4295,"12103,12112",2764
4295,"12103,12112",2769
4296,"12104,12107",2794
4296,"12104,12107",2802
4296,"12104,12107",2767
4296,"12104,12107",2765
4302,12105,2771
4315,"12108,12110",2792
4315,"12108,12110",2784
4315,"12108,12110",2795
4321,12109,2790
4328,12111,2797
4339,12112,2806
4344,"12113,12117",2811
4346,12103,2813
4351,"12114,12116",2823
4351,"12114,12116",2818
4374,12118,2841
4375,12119,2842
4376,12120,2843
4379,12121,
4381,12122,2848
4383,"12123,12126,12129",2850
4383,"12123,12126,12129",2857
4390,"12124,12125",2859
4390,"12124,12125",2863
4390,"12124,12125",2862
4390,"12124,12125",2858
4396,"12127,12128,12130,12131,12132",2878
4396,"12127,12128,12130,12131,12132",2864
4396,"12127,12128,12130,12131,12132",2898
4396,"12127,12128,12130,12131,12132",2883
4398,"12128,12131",2866
4398,"12128,12131",2879
4422,12133,2889
4424,"12134,12140",2891
4424,"12134,12140",2901
4432,12136,2899
4438,12137,2906
4440,12135,2908
4447,12144,2915
4447,12144,2921
4448,12139,2916
4450,12138,2918
4454,12143,2923
4455,"12141,12142",2926
4455,"12141,12142",2924
4460,12145,2929
4466,"12146,12148",2935
4469,12147,2938
4477,12149,2959
4477,12149,2968
4477,12149,2946
4478,"12150,12151",2950
4478,"12150,12151",2947
4478,"12150,12151",2951
4478,"12150,12151",2983
4478,"12150,12151",2952
4478,"12150,12151",2955
4502,12152,2975
4502,12152,2971
4505,12153,2974
4523,"12154,12161",3000
4523,"12154,12161",2995
4523,"12154,12161",2993
4530,"12155,12157",3013
4530,"12155,12157",2999
4530,"12155,12157",3003
4532,12156,3001
4536,12158,3005
4539,12159,3008
4540,12162,3009
4541,12160,3010
4543,12163,3012
4549,12164,3018
4549,12164,3019
4552,12165,3021
4556,"12166,12167",3036
4556,"12166,12167",3025
4574,"12169,12170",3042
4574,"12169,12170",3041
4574,"12169,12170",3062
4576,12168,3043
4580,"12171,12172,12173",3065
4580,"12171,12172,12173",3052
4580,"12171,12172,12173",3058
4580,"12171,12172,12173",3047
4580,"12171,12172,12173",3049
4591,12175,3057
4603,12176,3071
4610,12177,
4616,"12178,12179",3088
4616,"12178,12179",3105
4616,"12178,12179",3084
4619,12180,3089
4619,12180,3087
4623,12181,3095
4623,12181,3091
4623,12181,3098
4639,"12182,12184,12185",3115
4639,"12182,12184,12185",3116
4639,"12182,12184,12185",3109
4639,"12182,12184,12185",3111
4639,"12182,12184,12185",3107
4640,12183,3108
4640,12183,3117
4640,12183,3118
4640,12183,3114
4661,12185,3130
4661,12185,3154
4667,12186,3136
4678,"12187,12191",3179
4678,"12187,12191",3149
4678,"12187,12191",3163
4679,12189,3150
4679,12189,3152
4683,12188,3153
4690,12190,3161
4698,12192,3188
4698,12192,3169
4698,12192,3189
4711,12193,3182
4718,12194,3190
4726,12195,3209
4726,12195,3197
4733,12196,3204
4734,12197,3213
4734,12197,3217
4734,12197,3205
4734,12197,3216
4748,12198,3219
4750,12199,3221
4751,12200,3222
4751,12200,3241
4760,12201,3231
4761,12202,3232
4764,12203,3235
4767,12204,3239
4781,12205,3252
4784,12206,3255
4800,"12207,12208",3273
4800,"12207,12208",3272
4800,"12207,12208",3265
4810,12210,3285
4810,12210,3289
4810,12210,3274
4814,12212,3278
4816,12210,3280
4817,"12113,12209,12213,12214",3296
4817,"12113,12209,12213,12214",3290
4817,"12113,12209,12213,12214",3292
4817,"12113,12209,12213,12214",3298
4817,"12113,12209,12213,12214",3293
4817,"12113,12209,12213,12214",3281
4820,12211,3283
4839,12215,3302
4851,"12216,12220",3328
4851,"12216,12220",3314
4862,"12217,12226",3338
4862,"12217,12226",3324
4864,12218,3326
4868,12219,3330
4872,12221,3334
4874,"12222,12224",3336
4874,"12222,12224",3339
4879,12223,3341
4882,12225,3344
4882,12225,3352
4888,"12227,12231",3350
4888,"12227,12231",3373
4896,12228,3358
4900,12230,3362
4901,12229,3364
4908,12232,3370
4915,12233,3377
4920,"12235,12237,12238,12242",3408
4920,"12235,12237,12238,12242",3406
4920,"12235,12237,12238,12242",3385
4920,"12235,12237,12238,12242",3401
4920,"12235,12237,12238,12242",3391
4920,"12235,12237,12238,12242",3396
4920,"12235,12237,12238,12242",3388
4920,"12235,12237,12238,12242",3382
4921,12234,3383
4932,12236,3394
4938,12238,3400
4941,12241,3403
4942,12239,3404
4943,12240,3405
4954,12243,3418
4955,12249,3428
4955,12249,3419
4955,12249,3416
4955,12249,3417
4955,12249,3429
4955,12249,3437
4963,12244,3425
4969,12245,3431
4973,12246,3435
4978,"12247,12248",3442
4978,"12247,12248",3456
4978,"12247,12248",3473
4978,"12247,12248",3440
4995,12250,3458
5002,12251,3465
5004,12252,3467
5005,12256,3468
5011,12253,3474
5020,12254,3483
5022,12255,3494
5022,12255,3485
5022,12255,3486
5026,12257,3490
5028,12262,3498
5028,12262,3509
5028,12262,3495
5028,12262,3505
5028,12262,3492
5036,12258,3501
5036,12258,3506
5039,"12259,12261",3504
5039,"12259,12261",3526
5039,"12259,12261",3518
5039,"12259,12261",3515
5039,"12259,12261",3507
5051,12260,3521
5051,12260,3517
5054,12261,3531
5054,12261,3520
5073,12265,3539
5073,12265,3540
5073,12265,3553
5073,12265,3544
5073,12265,3543
5075,12266,3541
5075,12266,3554
5083,12263,3549
5099,12267,3565
5103,12269,3569
5107,"12268,12270,12279",3574
5107,"12268,12270,12279",3576
5111,12271,3578
5112,12275,3579
5112,12275,3589
5113,"12276,12278",3580
5113,"12276,12278",3586
5113,"12276,12278",3588
5114,12272,3581
5118,12273,3585
5120,12274,3587
5127,12277,3594
5144,12280,3612
5144,12280,3624
5144,12280,3613
5144,12280,3614
5151,12281,3618
5183,12286,3662
5183,12286,3649
5186,12282,3657
5186,12282,3696
5186,12282,3652
5198,12288,3674
5198,12288,3666
5198,12288,3671
5211,12283,3680
5212,12284,3681
5220,12285,3689
5229,12287,3698
5230,12289,3709
5230,12289,3699
5233,"12290,12291",3702
5233,"12290,12291",3703
5246,"12292,12294",3716
5246,"12292,12294",3715
5246,"12292,12294",3727
5246,"12292,12294",3717
5249,12293,3740
5249,12293,3729
5249,12293,3718
5275,"12296,12298",3754
5275,"12296,12298",3744
5275,"12296,12298",3769
5296,12295,3766
5298,12297,3788
5298,12297,3768
5298,12297,3801
5315,12302,3785
5321,12300,3792
5326,12299,3797
5328,12301,3800
5331,12299,3803
5331,12299,3816
5337,12308,3810
5342,12303,3822
5342,12303,3815
5345,12304,3818
5347,12307,3842
5347,12307,3820
5351,12309,3824
5354,12305,3828
5354,12305,3833
5354,12305,3831
5354,12305,3857
5355,12307,3829
5360,12306,3834
5361,12309,3835
5366,"12310,12312,12313,12317",3843
5366,"12310,12312,12313,12317",3851
5366,"12310,12312,12313,12317",3840
5375,12315,3849
5376,12311,3850
5385,"12314,12316",3871
5385,"12314,12316",3859
5385,"12314,12316",3875
5385,"12314,12316",3872
5387,12317,3861
5387,12317,3864
5411,12319,3881
5415,"12320,12323",3889
5415,"12320,12323",3895
5422,12318,3896
5423,12319,3897
5446,12322,3920
5447,"12321,12324,12325,12326",3928
5447,"12321,12324,12325,12326",3921
5447,"12321,12324,12325,12326",3925
5447,"12321,12324,12325,12326",3934
5450,12328,3924
5456,12325,3950
5456,12325,3930
5461,12332,3944
5461,12332,3936
5461,12332,3967
5462,"12327,12331",3937
5462,"12327,12331",3939
5472,12329,3948
5483,12330,3961
5492,12333,3970
5500,12326,3979
5518,12334,3997
5526,12335,4005
5534,12337,4013
5535,12336,4014
5537,12338,4015
5541,"12339,12345",4019
5543,12340,4021
5544,12341,4022
5545,"12342,12343",4042
5545,"12342,12343",4026
5545,"12342,12343",4023
5545,"12342,12343",4031
5549,"12344,12346",4027
5550,12347,4028
5559,12348,4037
5571,12349,4047
5582,12350,4058
5586,12351,4062
5586,12351,4085
5596,12353,4073
5598,12352,4075
5598,12352,4086
5612,12354,4087
5615,12355,4091
5618,"12356,12359",4112
5618,"12356,12359",4107
5618,"12356,12359",4094
5627,12357,4103
5635,12358,4111
5637,12360,4113
5637,12360,4116
5644,"12361,12362,12366",4137
5644,"12361,12362,12366",4126
5644,"12361,12362,12366",4121
5644,"12361,12362,12366",4135
5644,"12361,12362,12366",4123
5652,12363,4128
5653,12365,4129
5658,12364,4133
5673,12367,4149
5675,12368,4151
5677,12369,4153
5678,12370,4154
5692,12371,4168
5708,12372,4183
5718,"12373,12376,12380",4199
5718,"12373,12376,12380",4194
5721,12374,4197
5724,12375,4200
5736,12377,4212
5738,"12378,12379",4214
5738,"12378,12379",4216
5739,12385,4223
5739,12385,4215
5739,12385,4222
5745,12381,4221
5749,12382,4225
5750,12383,4226
5750,12383,4230
5758,12384,4234
5772,12386,4271
5772,12386,4272
5772,12386,4249
5773,12379,
5783,12388,4259
5783,12388,4270
5789,12387,4265
5807,12390,4284
5808,12389,4285
5818,12391,4294
5818,12391,4317
5823,12393,4299
5830,12392,4306
5831,12394,4307
5831,12394,4313
5845,12395,4321
5848,12396,4324
5850,12397,4326
5856,12398,4333
5865,12400,4349
5865,12400,4351
5865,12400,4342
5876,12399,4354
5880,12401,4358
5883,12402,4361
5885,12403,4365
5885,12403,4363
5885,12403,4364
5885,12403,4366
5890,12404,4368
5894,12407,4378
5894,12407,4379
5894,12407,4376
5894,12407,4372
5894,12407,4373
5894,12407,4375
5916,12405,4403
5916,12405,4394
5919,12406,4397
5935,12409,4414
5939,12410,4418
5940,12411,4419
5944,"12412,12414",4435
5944,"12412,12414",4423
5948,12413,4427
5949,12417,4428
5956,12415,4436
5957,12416,4437
5961,12418,4445
5961,12418,4441
5961,12418,4446
5963,12419,4443
5970,12424,4451
5970,12424,4450
5970,12424,4455
5970,12424,4452
5970,12424,4458
5974,12420,4454
5976,12421,4456
5982,12423,4462
5983,12422,4463
5985,12425,4465
5987,12426,4468
5990,12428,4472
5991,12427,4471
6002,12429,4484
6004,12430,4494
6004,12430,4490
6004,12430,4486
6006,12432,4493
6006,12432,4488
6010,12431,4492
6013,12433,4495
6015,12434,4497
6015,12434,4510
6026,"12435,12437",4519
6026,"12435,12437",4508
6027,12436,4509
6027,12436,4529
6050,12438,4534
6052,"12439,12442,12445",4546
6052,"12439,12442,12445",4536
6054,12440,4538
6060,12441,4544
6063,12443,4547
6064,12444,4548
6069,12446,4553
6074,12447,4558
6075,"12448,12451",4559
6078,"12449,12450",4563
6078,"12449,12450",4562
6084,12452,4569
6099,12453,4584
6100,"12454,12456",4585
6107,12455,4593
6124,12457,4610
6124,12457,4617
6136,"12458,12460",4621
6140,12459,4630
6140,12459,4628
6140,12459,4625
6148,12461,4633
6154,12462,4639
6155,"12463,12466",4640
6164,12464,4649
6167,12465,4652
6167,12465,4674
6171,12467,4656
6172,12468,4672
6172,12468,4663
6172,12468,4657
6178,"12469,12470",4664
6178,"12469,12470",4670
6189,12471,4688
6189,12471,4675
6205,12472,4700
6205,12472,4698
6205,12472,4695
6205,12472,4691
6206,12473,4692
6207,12474,4693
6210,12475,4699
6210,12475,4696
6223,12477,4710
6224,12476,4711
6227,12478,4714
6231,12479,4718
6242,12480,4729
6246,12483,4736
6246,12483,4733
6246,12483,4740
6246,12483,4754
6246,12483,4739
6247,12481,4734
6250,12482,4737
6258,12484,4749
6258,12484,4745
6258,12484,4746
6273,12485,4760
6281,"12486,12487",4782
6281,"12486,12487",4768
6281,"12486,12487",4775
6289,12488,4777
6289,12488,4776
6301,12489,4789
6302,12490,4790
6302,12490,4792
6313,12491,4801
6317,12492,4814
6317,12492,4806
6319,12493,4809
6320,12494,4810
6324,12495,4813
6327,"12496,12497",4832
6327,"12496,12497",4822
6327,"12496,12497",4819
6327,"12496,12497",4818
6327,"12496,12497",4816
6345,12498,4834
6351,12502,4840
6353,12503,4842
6356,12500,4845
6359,12501,4848
6361,12505,4850
6370,12504,4859
6383,12506,4872
6391,12507,4879
6394,12509,4882
6396,12508,4884
6398,"12510,12511,12518",4888
6398,"12510,12511,12518",4886
6398,"12510,12511,12518",4899
6399,"12512,12514",4895
6399,"12512,12514",4887
6403,12513,4891
6404,12515,4893
6407,12516,4896
6411,12517,4900
6418,12519,4909
6418,12519,4908
6424,12521,4914
6427,12522,4916
6428,12520,4917
6436,12523,4926
6437,12524,4927
6439,12525,4929
6454,12526,4946
6464,12528,4967
6464,12528,4969
6470,12527,4973
6483,12529,4989
6489,12530,4996
6492,12531,4999
6500,12532,5006
6505,12533,5011
6507,12535,5014
6508,12534,5015
6515,12536,5022
6518,12537,5025
6522,12538,5029
6523,12539,5030
6523,12539,5036
6530,12540,
6532,12541,5037
6537,12542,5046
6537,12542,5048
6537,12542,5042
6544,12543,5049
6545,12545,5054
6545,12545,5050
6550,12544,5055
6558,12546,5063
6560,12547,5065
6566,12548,5070
6576,12551,5078
6585,12549,5086
6591,12550,5092
6599,12552,5100
6613,12553,5125
6613,12553,5114
6615,12554,5116
6617,12558,5118
6626,12555,5127
6629,12557,5130
6632,12556,5139
6632,12556,5133
6657,12560,5161
6661,12561,5165
6662,12562,5166
6664,12563,5168
6666,12564,5170
6670,"12565,12567",5174
6680,12566,5184
6681,12568,5186
6681,12568,5185
6683,12569,5187
6684,12568,
6688,12570,5192
6692,12571,5196
6693,"12570,12572",5197
6699,"12573,12574,12575,12577",5203
6699,"12573,12574,12575,12577",5205
6703,12576,5207
6711,12578,5215
6715,12580,5221
6715,12580,5219
6716,"12579,12582,12583",5220
6716,"12579,12582,12583",5230
6716,"12579,12582,12583",5223
6722,12581,5227
6728,12584,5233
6731,"12585,12587,12588",5236
6731,"12585,12587,12588",5239
6732,12586,5237
6737,12589,5243
6737,12589,5246
6737,12589,5247
6745,12591,5252
6745,12591,5251
6752,12590,5257
6754,12595,5259
6759,12592,5265
6759,12592,5264
6764,"12593,12594",5271
6764,"12593,12594",5269
6769,12597,5274
6769,12597,5277
6769,12597,5278
6769,12597,5276
6774,12596,5279
6789,"12598,12601",5296
6789,"12598,12601",5306
6789,"12598,12601",5294
6789,"12598,12601",5297
6794,12599,5299
6798,12600,5303
6803,12602,5307
6815,12603,5319
6820,12604,5324
6824,12605,5329
6824,12605,5332
6824,12605,5341
6829,12607,5334
6831,12606,5336
6838,12610,
6839,12608,5345
6842,12609,5348
6846,12611,5352
6863,12612,5368
6866,12613,5371
6868,12614,5373
6869,12616,5378
6869,12616,5374
6870,12615,5375
6881,12617,5387
6882,12618,5388
6889,12619,5395
6892,12620,5398
6893,12622,5399
6895,12621,5401
6898,12624,5404
6901,12623,5407
6910,"12625,12626",5417
6910,"12625,12626",5415
6910,"12625,12626",5416
6920,12628,5426
6922,12627,5428
6930,12629,5437
6937,12630,5444
6938,12631,5445
6939,12632,5446
6942,12633,5449
6946,12634,5453
6949,12635,5456
6950,12636,5459
6951,12637,5461
6952,12638,5462
6957,12640,5468
6958,12639,5469
6961,"12641,12642",5472
6967,12643,5480
6972,12644,5485
6974,12646,5486
6975,12645,5488
6976,12649,5489
6981,12647,5494
6982,12648,5495
6983,12650,5496
6986,"12651,12652",5509
6986,"12651,12652",5500
6994,12653,5510
6999,12654,5515
7003,12655,5519
7010,12657,5527
7013,12656,5530
7015,"12658,12660",5532
7022,12659,5539
7034,12661,5553
7045,12662,5571
7045,12662,5565
7050,12663,5570
7058,12664,5578
7075,12665,5596
7078,12667,5598
7081,12666,5600
7090,12668,5609
7090,12668,5610
7097,12669,5616
7100,12670,5619
7100,12670,5620
7107,12671,5627
7110,12672,5630
7115,12673,5634
7115,12673,5645
7117,"12674,12679",5636
7117,"12674,12679",5643
7120,12675,5639
7122,12677,5641
7123,12676,5642
7127,12678,5646
7131,12680,5650
7131,12680,5654
7144,12681,5666
7144,12681,5676
7147,12682,5670
7147,12682,5675
7148,12683,5683
7148,12683,5681
7148,12683,5671
7164,12684,5688
7169,12685,5693
7169,12685,5699
7169,12685,5698
7171,12686,5695
7189,12687,5713
7190,12688,5714
7192,12689,5716
7202,12690,5727
7203,12691,5728
7211,12692,5735
7222,12693,5748
7227,12694,5753
7228,12695,5754
7229,12696,5755
7235,12697,5761
7236,12698,5762
7237,12699,5765
7240,12700,5767
7245,12702,5778
7246,12703,5780
7248,12704,5787
7251,12706,5791
7253,12707,5794
7254,12708,5795
7256,12709,5799
7260,12710,5808
7261,12711,5811
7262,12712,5812
7269,12713,5830
7269,12713,5832
7274,12714,5836
7275,12715,5838
7287,12716,5855
7290,12717,5861
7298,12718,
7299,12719,
7300,12720,5871
7304,12721,5877
7305,12722,5878
7310,12723,5883
7312,12724,5889
7312,12724,5893
7313,12725,5890
7313,12725,5895
7322,12726,
7323,12727,5901
7324,12728,5903
7325,12729,5904
7326,12730,5905
7327,12731,
7331,12732,5916
7334,12733,
7348,12734,
7350,12736,
7351,12735,
7352,12737,
7353,12738,
7356,12739,
7357,12740,
7358,12741,
2384,,868
2384,,863
2384,,877
2384,,873
2384,,870
2738,,1222
5710,,4191
5710,,4185
3065,,1565
3065,,1555
3365,,1860
2246,,726
2246,,731
2246,,732
4428,,2895
4687,,3157
5744,,4220
4436,,2903
5849,,4325
4338,,2805
5265,,3733
5265,,3741
5265,,3737
5265,,3746
6421,,4911
4759,,3230
5219,,3684
2530,,1014
2705,,1186
5912,,4390
3350,,1846
3350,,1845
6192,,4684
6192,,4678
2226,,704
5438,,3912
5930,,4409
3313,,1811
3313,,1807
3313,,1813
6326,,4831
6326,,4815
6899,,5405
4163,,2638
5703,,4178
5130,,3597
5410,,3886
3629,,2097
6556,,5064
6556,,5061
6570,,5072
2135,,611
3304,,1797
6362,,4860
6362,,4855
6362,,4851
5163,,3636
5163,,3667
5163,,3630
5163,,3641
5163,,3632
5163,,3638
5163,,3637
5163,,3633
5163,,3634
5682,,4158
3812,,2286
3812,,2282
2301,,785
2301,,782
6285,,4772
6594,,5095
2849,,1335
3896,,2366
3004,,1492
3004,,1494
3064,,1554
5437,,3914
5437,,3911
2949,,1435
5019,,3482
5013,,3476
2759,,1244
3439,,1931
4802,,3267
3886,,2355
3256,,1747
5925,,4404
5638,,4114
2838,,1331
2838,,1334
2838,,1327
2838,,1324
2838,,1328
6463,,4966
6966,,5478
2264,,744
6490,,4997
2452,,938
2452,,941
2452,,943
2452,,940
2703,,1184
6338,,4827
5172,,3639
6485,,4991
6825,,5330
6656,,5160
5922,,4401
3152,,1642
4566,,3033
4566,,3040
5001,,3464
4724,,3195
4724,,3198
5324,,3796
5793,,4269
5106,,3573
2103,,570
2665,,1147
6697,,5201
4617,,3085
4524,,2992
7084,,5603
2381,,860
2381,,869
4517,,2986
4077,,2552
2995,,1483
2295,,775
5467,,3942
7067,,5587
4841,,3304
4856,,3318
6649,,5153
6847,,5353
7221,,5747
2997,,1485
6181,,4667
2783,,1268
2783,,1269
2315,,797
4559,,3027
6451,,4942
6451,,4943
2148,,635
2148,,626
2116,,596
2116,,583
6104,,4603
6104,,4590
2804,,1289
2042,,510
6826,,5331
7309,,5882
4423,,2890
4423,,2900
5140,,3608
5140,,3611
3921,,2440
3921,,2391
6133,,4618
2687,,1169
6335,,4824
6945,,5452
3763,,2233
3704,,2173
5499,,3978
4082,,2557
6927,,5434
6251,,4738
3358,,1855
3358,,1854
3358,,1853
2972,,1460
3664,,2132
6122,,4609
5393,,3868
3343,,1837
5790,,4266
7163,,5687
4508,,2977
3041,,1530
3109,,1598
3025,,1514
4365,,2832
4134,,2609
4274,,2745
6916,,5422
7116,,5635
4565,,3032
3226,,1721
3226,,1716
2058,,526
4084,,2559
4360,,2827
3590,,2057
5531,,4010
4527,,2996
5732,,4208
2805,,1290
3229,,1719
4870,,3332
2089,,557
2881,,1366
6622,,5123
4033,,2522
4033,,2505
4169,,2644
5363,,3837
4548,,3017
4631,,3100
4871,,3333
3862,,2333
3153,,1643
6874,,5380
3407,,1902
6161,,4648
6161,,4646
3459,,1951
2930,,1416
5316,,3786
6652,,5156
3335,,1828
4704,,3184
4704,,3175
3613,,2081
3266,,1758
5958,,4438
3394,,1890
6347,,4836
6929,,5436
5967,,4447
4883,,3345
4041,,2516
2441,,928
3334,,1827
2207,,683
4702,,3178
4702,,3177
4702,,3180
4702,,3173
4702,,3200
2811,,1296
5501,,3980
7033,,5552
6655,,5159
5863,,4341
5863,,4350
5863,,4343
5863,,4340
5852,,4329
2066,,534
2066,,543
7188,,5712
7039,,5558
2288,,791
2288,,769
5775,,4263
5775,,4252
4670,,3140
7020,,5537
4392,,2860
4511,,2980
7307,,5880
2465,,951
5318,,3789
6375,,4865
4080,,2555
7193,,5717
6583,,5084
3053,,1543
6091,,4576
3753,,2222
3753,,2226
3753,,2227
2229,,707
3817,,2287
6459,,4961
6476,,4980
4660,,3129
4660,,3132
6204,,4690
3464,,1956
5820,,4309
5820,,4301
5820,,4297
5820,,4296
5281,,3751
5281,,3759
5281,,3762
3723,,2192
6781,,5286
3724,,2193
6275,,4762
2888,,1373
5053,,3519
7267,,5822
4052,,2526
5090,,3556
3339,,1833
5602,,4078
2462,,949
5213,,3682
3706,,2181
3706,,2187
3706,,2189
3706,,2175
3706,,2182
4659,,3128
7224,,5750
6603,,5104
6888,,5394
4671,,3139
2063,,530
3003,,1491
2412,,893
7040,,5559
4124,,2599
6687,,5191
5287,,3756
2692,,1174
2657,,1139
4114,,2590
6071,,4555
5583,,4059
3805,,2275
2440,,927
2652,,1134
4243,,2717
3183,,1669
7205,,5730
2179,,667
2179,,658
2565,,1050
2041,,508
2276,,757
3591,,2058
3611,,2079
5927,,4406
2224,,702
6607,,5109
6607,,5108
7105,,5624
6465,,4968
6465,,4978
5811,,4289
5811,,4298
5811,,4288
5811,,4293
5811,,4291
6462,,4965
5191,,3658
3772,,2242
4363,,2830
4962,,3424
3953,,2425
5519,,3998
7096,,5615
7160,,5684
5239,,3708
6783,,5288
6036,,4524
6036,,4518
2289,,770
2289,,778
3331,,1825
2918,,1405
6796,,5301
2955,,1442
6512,,5019
2831,,1322
2831,,1317
2831,,1320
5225,,3694
5908,,4386
5908,,4388
7053,,5572
3038,,1527
5134,,3601
3980,,2451
6770,,5275
5938,,4417
6096,,4581
2497,,983
5759,,4235
3682,,2151
5693,,4169
7194,,5718
7194,,5721
4606,,3074
2532,,1017
7112,,5632
5835,,4311
2851,,1337
6784,,5289
4337,,2814
4337,,2804
2615,,1098
4461,,2930
5781,,4257
2714,,1198
3236,,1727
6533,,5038
3932,,2401
2470,,956
5874,,4357
5874,,4352
5874,,4359
3595,,2062
5138,,3605
2091,,559
4070,,2545
5676,,4152
6474,,4979
5771,,4248
5625,,4102
5625,,4101
4242,,2716
3756,,2225
3756,,2252
5344,,3817
6230,,4717
6653,,5157
5690,,4166
5178,,3644
4335,,2803
6445,,4937
5003,,3466
6677,,5181
2974,,1462
2102,,569
6635,,5137
6501,,5007
6191,,4677
5474,,3951
6115,,4602
6115,,4623
6187,,4673
6093,,4578
6093,,4582
6093,,4594
6093,,4579
3465,,1957
5232,,3701
3600,,2067
2958,,1445
3553,,2022
4905,,3367
6593,,5094
4334,,2801
4064,,2539
4222,,2696
4094,,2569
4859,,3321
3047,,1537
2980,,1468
2907,,1394
6968,,5481
7051,,5573
2261,,741
2261,,765
6894,,5400
4519,,2988
6675,,5179
7230,,5756
2232,,710
7134,,5655
7134,,5656
7134,,5657
2073,,541
5867,,4344
4160,,2635
2283,,764
4057,,2532
2757,,1242
3729,,2198
5945,,4424
6221,,4707
5509,,3988
3726,,2202
3726,,2195
4529,,2998
5801,,4277
7158,,5682
4380,,2847
2993,,1481
2335,,817
3169,,1659
6962,,5473
3978,,2449
4102,,2577
3870,,2340
3306,,1799
3306,,1802
2826,,1312
4765,,3236
5236,,3705
6117,,4604
5284,,3773
5284,,3755
5284,,3764
5284,,3774
3063,,1553
6528,,5033
5031,,3496
6487,,4993
3187,,1677
6452,,4944
6813,,5317
5521,,4006
5521,,4000
3173,,1663
6694,,5198
6694,,5200
5032,,3497
5702,,4177
2356,,841
2356,,852
3140,,1631
6471,,4974
3034,,1523
4512,,2981
2202,,678
3105,,1594
4269,,2740
4116,,2592
2518,,1005
3134,,1625
2302,,783
2446,,933
6837,,5343
2656,,1138
4515,,2984
6779,,5284
4249,,2723
6915,,5421
6169,,4654
4919,,3381
7082,,5601
4546,,3015
5214,,3683
3841,,2312
5851,,4328
3395,,1891
5674,,4150
5434,,3908
7302,,5873
5741,,4217
6936,,5443
2292,,773
6276,,4763
7066,,5586
4195,,2670
2254,,733
6832,,5337
6118,,4605
3253,,1744
4977,,3439
4977,,3463
5189,,3655
3165,,1655
6748,,5253
6598,,5099
7103,,5622
3074,,1564
4855,,3317
5490,,3983
5490,,3968
5490,,3969
5829,,4305
2630,,1112
2031,,498
5274,,3743
2906,,1393
3589,,2056
7021,,5538
7204,,5729
5527,,4007
4377,,2844
7161,,5685
6449,,4941
5649,,4125
2914,,1400
2038,,504
7036,,5555
5778,,4254
6070,,4554
5433,,3907
3505,,1997
7016,,5533
7016,,5535
7016,,5541
2088,,556
3519,,2011
6460,,4963
4860,,3322
2228,,706
5792,,4268
2793,,1278
6020,,4502
2956,,1443
2956,,1450
6409,,4898
6409,,4903
6409,,4902
6409,,4907
2321,,803
2094,,562
2115,,588
4254,,2729
4254,,2733
3982,,2453
4399,,2867
4399,,2887
4399,,2873
4399,,2869
4399,,2874
2667,,1149
5072,,3537
6453,,4945
6887,,5393
6144,,4629
5510,,3992
5510,,3989
5161,,3628
5161,,3642
5577,,4053
5577,,4061
3735,,2204
3427,,1919
4244,,2718
3151,,1641
4828,,3291
4914,,3376
7055,,5575
4475,,2944
5648,,4124
5733,,4209
3104,,1593
2286,,771
2286,,767
3385,,1881
5330,,3802
6355,,4844
3396,,1892
3967,,2439
4878,,3340
6590,,5091
3878,,2348
5809,,4286
3687,,2161
3687,,2156
5996,,4479
5996,,4480
5996,,4478
3196,,1686
3174,,1664
5115,,3582
6833,,5338
3347,,1844
3347,,1842
5917,,4395
3734,,2203
6739,,5250
6739,,5245
5208,,3677
5208,,3679
4128,,2603
2086,,554
6156,,4641
5567,,4043
5567,,4050
7141,,5663
2756,,1240
6641,,5144
4069,,2544
5216,,3686
5877,,4355
4601,,3068
2961,,1448
2349,,830
4613,,3081
2272,,752
2272,,756
4551,,3020
6481,,4986
6481,,4994
6481,,4987
2998,,1486
7183,,5707
2459,,947
2459,,945
3095,,1584
4598,,3066
2097,,564
4747,,3218
6279,,4766
4770,,3242
2241,,721
3045,,1535
2256,,735
3062,,1552
5312,,3782
6988,,5502
6257,,4744
6631,,5132
6761,,5266
7220,,5746
7259,,5807
2316,,798
6686,,5190
3764,,2234
6092,,4577
6902,,5413
6902,,5409
6902,,5408
5529,,4008
4578,,3045
4578,,3048
6237,,4724
5621,,4097
5561,,4039
5561,,4046
6743,,5249
4673,,3144
3332,,1826
3284,,1777
3284,,1782
4533,,3002
6420,,4910
5672,,4148
5694,,4170
4036,,2508
2415,,897
5124,,3591
5427,,3901
6073,,4557
2824,,1310
2500,,986
6346,,4835
3243,,1735
2255,,734
5768,,4245
4361,,2828
2423,,908
2925,,1411
2925,,1414
2925,,1412
4083,,2558
6372,,4861
6350,,4839
5242,,3711
4293,,2762
2118,,586
2659,,1141
6841,,5347
4799,,3264
4173,,2648
5085,,3551
3990,,2466
3990,,2477
3990,,2462
3990,,2464
3866,,2336
6034,,4526
6034,,4530
6034,,4512
7139,,5661
5902,,4380
4076,,2551
7195,,5719
3503,,1995
6381,,4870
4467,,2936
7321,,5899
6125,,4611
2724,,1207
4066,,2541
2099,,566
5295,,3765
2274,,755
7301,,5872
6277,,4764
5325,,3795
5149,,3616
2242,,722
3302,,1795
5655,,4134
3920,,2390
5237,,3706
3973,,2444
4538,,3007
4964,,3426
4359,,2826
2265,,745
7249,,5789
2308,,789
6280,,4767
6130,,4619
4588,,3055
5843,,4319
4153,,2627
7201,,5725
7172,,5696
5524,,4003
4850,,3313
6517,,5024
6367,,4856
4600,,3067
4998,,3462
5079,,3545
3685,,2154
3057,,1547
3181,,1670
5687,,4163
2678,,1161
3514,,2006
6469,,4972
4869,,3331
4562,,3029
4444,,2912
6017,,4499
7255,,5798
6836,,5342
6284,,4774
6284,,4771
5704,,4179
4239,,2713
3749,,2240
5322,,3793
4343,,2810
4343,,2821
2149,,627
2885,,1370
6990,,5506
7138,,5660
4227,,2701
3899,,2369
5508,,3987
3739,,2207
5554,,4032
5705,,4180
6780,,5285
6780,,5291
5968,,4448
3971,,2436
3015,,1503
2280,,761
2238,,718
6245,,4732
3511,,2001
2273,,760
2273,,759
2273,,754
5560,,4044
5560,,4038
2230,,708
2466,,952
3965,,2448
3965,,2437
3965,,2463
6173,,4658
5320,,3791
6620,,5121
4255,,2730
2776,,1261
5834,,4310
4691,,3162
7088,,5607
6496,,5002
3572,,2037
4043,,2517
6587,,5088
4183,,2658
3847,,2318
4700,,3171
6211,,4697
5455,,3929
6022,,4504
3987,,2458
4898,,3360
7303,,5875
3120,,1608
6068,,4552
6159,,4644
4435,,2902
4060,,2535
6180,,4666
3272,,1764
3915,,2385
6890,,5396
3447,,1939
6080,,4566
6080,,4565
5806,,4283
3268,,1760
3017,,1505
2205,,681
2884,,1369
3900,,2370
6614,,5115
4053,,2528
4699,,3170
7085,,5604
3163,,1653
2133,,609
5105,,3572
4047,,2529
4047,,2521
6909,,5414
7214,,5738
6510,,5018
6510,,5017
3014,,1502
4216,,2691
6185,,4671
3578,,2045
6616,,5117
6646,,5149
7069,,5589
3860,,2331
5201,,3669
3619,,2087
6493,,5000
4510,,2979
7083,,5602
5015,,3478
5604,,4079
5994,,4475
6041,,4525
4669,,3143
3449,,1941
2516,,1002
6271,,4757
4775,,3246
4913,,3375
2721,,1204
4705,,3176
2900,,1387
2105,,572
2030,,497
2361,,842
3128,,1619
2719,,1202
5765,,4241
5765,,4246
3054,,1544
3130,,1621
7277,,5840
5731,,4207
2161,,639
4268,,2739
6365,,4854
6633,,5134
3277,,1770
3186,,1676
3419,,1913
5132,,3598
7026,,5545
6729,,5234
5270,,3738
5141,,3609
3010,,1498
6865,,5370
3338,,1831
6580,,5081
4777,,3248
5297,,3767
5215,,3685
5432,,3906
7316,,5894
6222,,4709
4889,,3351
4397,,2870
4397,,2865
3683,,2152
7288,,5857
4783,,3256
4783,,3254
4032,,2504
6690,,5194
5204,,3673
3797,,2268
6072,,4556
5413,,3888
6708,,5212
5012,,3481
5012,,3475
5012,,3477
4685,,3155
4991,,3454
4164,,2639
7308,,5881
6589,,5090
2336,,818
5977,,4457
4863,,3325
2892,,1377
6444,,4935
6867,,5372
2623,,1106
5323,,3806
5323,,3794
6536,,5041
4662,,3131
3961,,2433
5006,,3469
2464,,950
5486,,3964
3072,,1562
5709,,4184
2303,,784
4618,,3086
6840,,5346
6921,,5427
4994,,3457
4994,,3459
5495,,3986
5495,,3973
3040,,1529
5616,,4092
2413,,894
2468,,954
5091,,3557
6736,,5242
4388,,2856
6316,,4804
2287,,768
3923,,2393
3494,,1987
3956,,2428
3851,,2322
3444,,1936
3436,,1928
6298,,4786
5340,,3813
2931,,1417
5846,,4322
7047,,5567
7276,,5839
5155,,3622
5135,,3603
5135,,3602
5914,,4392
2929,,1415
5671,,4147
4443,,2911
6397,,4885
2529,,1015
3680,,2149
4589,,3056
2197,,674
6055,,4539
4034,,2506
4034,,2518
5498,,3977
6695,,5199
2801,,1286
5557,,4035
6102,,4588
3164,,1654
5869,,4347
3077,,1567
3160,,1650
7118,,5638
7118,,5637
3510,,2003
4185,,2660
3754,,2223
4771,,3243
2475,,961
3265,,1757
5309,,3779
2917,,1404
4852,,3315
5607,,4082
2479,,964
7064,,5583
7178,,5703
3597,,2064
6174,,4665
6174,,4659
4715,,3186
6817,,5321
5341,,3814
3918,,2388
2794,,1279
4849,,3312
5096,,3562
6785,,5290
6506,,5013
4714,,3185
5093,,3559
2325,,807
3897,,2367
6913,,5419
5182,,3648
4557,,3031
4557,,3026
6667,,5171
5632,,4108
4241,,2715
5290,,3760
3042,,1532
4988,,3450
5989,,4470
4723,,3194
6672,,5176
4214,,2689
5573,,4048
5394,,3869
6592,,5093
5756,,4232
5716,,4192
2463,,948
4132,,2607
6066,,4550
5540,,4018
5511,,3990
6806,,5310
6225,,4712
5350,,3823
6196,,4682
2670,,1152
3561,,2031
3214,,1706
3214,,1704
4330,,2799
5280,,3750
3401,,1896
5539,,4017
6033,,4516
6674,,5178
5465,,3940
3241,,1733
2267,,747
3061,,1551
2453,,939
4725,,3196
3775,,2245
6627,,5128
4068,,2543
6538,,5043
5993,,4474
3575,,2041
4182,,2656
6835,,5340
2438,,925
2408,,889
2055,,523
4109,,2584
7280,,5844
4364,,2831
6337,,4826
4370,,2837
4229,,2703
6582,,5083
5063,,3529
4778,,3249
2607,,1090
4038,,2510
6494,,5001
3574,,2040
5929,,4408
3970,,2442
2370,,850
6557,,5062
3370,,1865
3858,,2329
5542,,4020
6312,,4800
5409,,3885
5089,,3555
5418,,3892
7056,,5576
5442,,3916
2064,,532
2751,,1235
3275,,1768
2428,,903
6689,,5193
2431,,915
5373,,3847
6621,,5122
2799,,1284
2948,,1434
4584,,3051
7241,,5770
2419,,904
3030,,1519
7099,,5618
7030,,5549
5484,,3962
6478,,4983
5714,,4190
5941,,4420
7209,,5733
3348,,1843
2122,,598
4986,,3448
4880,,3342
7177,,5702
5946,,4425
5412,,3887
4528,,2997
6151,,4636
5757,,4233
6336,,4825
2399,,878
3158,,1648
3743,,2212
6318,,4807
2951,,1438
3880,,2350
4418,,2885
5311,,3781
2233,,711
5538,,4016
5896,,4374
7068,,5588
7094,,5613
4051,,2525
6358,,4847
6619,,5120
5319,,3790
5480,,3958
4703,,3174
7182,,5706
6811,,5315
2704,,1185
4350,,2817
5218,,3688
6821,,5325
2941,,1426
5742,,4218
6402,,4890
6973,,5487
4985,,3447
3946,,2416
6203,,4689
2426,,910
5868,,4346
6113,,4600
5520,,3999
6215,,4701
6215,,4703
4192,,2667
4127,,2602
4414,,2881
6197,,4683
5439,,3913
3705,,2174
2741,,1225
6405,,4894
6153,,4638
4520,,2989
6823,,5328
4935,,3397
4196,,2671
5419,,3893
5763,,4240
3790,,2259
7215,,5739
2937,,1428
2937,,1423
2430,,914
5986,,4467
7165,,5689
5688,,4164
6438,,4928
6434,,4923
3654,,2122
6574,,5076
6128,,4614
7212,,5736
4906,,3368
4266,,2737
5992,,4473
5926,,4405
4367,,2834
5352,,3825
4086,,2564
4086,,2561
3746,,2215
5761,,4237
6170,,4655
2880,,1365
5125,,3592
5774,,4251
3085,,1575
3356,,1851
7306,,5879
4657,,3125
2844,,1330
5906,,4384
6175,,4660
3819,,2288
4245,,2719
6019,,4501
4813,,3277
6654,,5158
5374,,3848
2765,,1250
2043,,511
3073,,1563
3073,,1571
2285,,766
4095,,2570
2869,,1355
5453,,3927
2048,,516
5076,,3542
5266,,3734
6723,,5228
6884,,5390
5431,,3905
5277,,3745
4893,,3355
6031,,4514
4757,,3228
5425,,3899
2674,,1156
6309,,4797
6309,,4799
3974,,2445
7130,,5649
4421,,2888
4061,,2536
5092,,3558
6604,,5105
6828,,5333
2655,,1137
4494,,2963
2424,,909
2819,,1305
2257,,736
6663,,5167
5348,,3821
5173,,3640
2708,,1189
6021,,4503
3037,,1526
6877,,5383
7187,,5711
6873,,5379
3379,,1874
6321,,4811
5460,,3935
2642,,1124
6810,,5314
2085,,553
5206,,3675
6750,,5255
2268,,748
5825,,4300
6254,,4741
7025,,5544
3018,,1506
3177,,1667
7213,,5737
6726,,5231
3727,,2196
5947,,4426
2421,,906
7247,,5785
5159,,3626
5711,,4187
3363,,1858
5891,,4369
3480,,1972
7070,,5590
6564,,5068
6822,,5326
4609,,3077
4058,,2533
7265,,5816
2067,,535
6441,,4931
4129,,2604
3814,,2291
3814,,2284
3557,,2024
3071,,1561
4154,,2628
6043,,4527
3927,,2397
5200,,3668
6610,,5111
4014,,2486
5685,,4161
2506,,992
5185,,3651
6648,,5151
4597,,3064
5139,,3607
5764,,4239
4246,,2720
5712,,4188
5080,,3546
5857,,4334
5444,,3918
2396,,875
4521,,2990
4362,,2829
6900,,5406
2323,,805
5921,,4400
6003,,4485
6349,,4838
6220,,4706
6190,,4676
4875,,3337
3933,,2402
6498,,5004
4568,,3035
6379,,4875
6379,,4868
3271,,1763
4776,,3247
6442,,4932
3677,,2145
6843,,5349
3895,,2365
4067,,2542
5069,,3535
5449,,3923
5670,,4146
2827,,1313
2837,,1323
5589,,4065
5181,,3647
4287,,2756
2593,,1076
4136,,2611
5892,,4370
5268,,3736
4895,,3357
3451,,1943
4050,,2524
2582,,1066
7037,,5556
6955,,5466
6875,,5381
3584,,2051
5334,,3807
3297,,1789
2443,,930
7242,,5771
6605,,5106
5238,,3707
6804,,5308
6499,,5005
6756,,5262
2645,,1126
6751,,5256
4470,,2939
3558,,2030
5683,,4159
6634,,5136
5314,,3784
3175,,1665
5962,,4442
4873,,3335
5150,,3617
5108,,3575
4507,,2976
7167,,5691
4792,,3262
6679,,5183
6183,,4669
2100,,567
4884,,3346
2641,,1123
5893,,4371
5915,,4393
2294,,774
2427,,911
4155,,2629
5803,,4279
6857,,5362
2629,,1111
5613,,4088
3091,,1579
6248,,4735
2788,,1273
2429,,913
3282,,1774
2873,,1358
2873,,1368
6315,,4803
5293,,3763
5067,,3533
4696,,3167
2458,,944
6229,,4721
6229,,4716
5556,,4034
6129,,4615
4579,,3046
6056,,4540
4634,,3102
2901,,1388
4372,,2839
5752,,4228
2862,,1348
5254,,3723
3209,,1699
2473,,959
6200,,4686
4147,,2622
7319,,5896
4451,,2919
4261,,2734
5313,,3783
6897,,5403
5530,,4009
2236,,715
3460,,1952
3168,,1658
7121,,5640
7125,,5644
2632,,1114
3423,,1916
3701,,2170
5154,,3621
4151,,2625
2846,,1332
6860,,5365
3029,,1518
6845,,5351
5402,,3877
5770,,4247
6597,,5098
4570,,3038
7140,,5662
3337,,1830
4801,,3266
3021,,1510
5699,,4175
2409,,890
4686,,3156
6119,,4606
3628,,2096
3355,,1850
3027,,1516
6472,,4975
2596,,1079
6964,,5475
5858,,4335
4247,,2721
6109,,4596
4842,,3305
5160,,3627
4645,,3113
2212,,688
2324,,806
6676,,5180
4312,,2781
3742,,2211
3316,,1810
5098,,3564
5804,,4280
3135,,1626
3984,,2455
5131,,3599
3126,,1617
5469,,3943
3124,,1614
6283,,4769
6339,,4828
3657,,2125
2847,,1333
5633,,4109
4159,,2633
3576,,2042
3167,,1657
6152,,4637
6885,,5391
6149,,4634
2234,,712
4453,,2922
3773,,2243
2340,,822
2035,,501
5152,,3619
4782,,3253
3452,,1944
7283,,5849
5875,,4353
5924,,4402
5494,,3972
4655,,3123
5844,,4320
6029,,4511
2065,,533
3681,,2150
7166,,5690
3789,,2258
4832,,3295
6658,,5162
2821,,1307
3189,,1679
6753,,5258
5379,,3853
2355,,836
2580,,1064
6601,,5102
6030,,4513
7074,,5595
3200,,1690
6555,,5060
3994,,2465
4635,,3103
4087,,2562
5691,,4167
6016,,4498
2576,,1059
